id	title	slug
9239	Desenvolvimento Back-End	desenvolvimento-back-end
9242	Desenvolvimento Front-End	desenvolvimento-front-end
9236	Web Design	web-design
9231	Mídia Paga	midia-paga
9224	Inbound Marketing	inbound-marketing
9220	Marketing Digital	marketing-digital
9070	Sites em Wordpress	sites-em-wordpress
8983	Hospedagem de Sites	hospedagem-de-sites
8984	Sistemas Web	sistemas-web
8985	Anúncios Google Ads	anuncios-google-ads
8986	Site para Médicos	site-para-medicos
8988	Sites para Imobiliária e Corretor de Imóveis	sites-para-imobiliaria-e-corretor-de-imoveis
8989	Seo Marketing Digital	seo-marketing-digital
8990	Otimização de Sites	otimizacao-de-sites
8991	Desenvolvimento de Sites para Empresas	desenvolvimento-de-sites-para-empresas
8992	Landing Page	landing-page
8993	Websites	websites
8994	Tagline	tagline
8995	Sistemas Especiais	sistemas-especiais
8996	Sinalização de Frota	sinalizacao-de-frota
8997	Revitalização de Marcas	revitalizacao-de-marcas
8998	Redesenho de Marca	redesenhoreformulacao-de-marca
8999	Social Media	redes-sociais
9000	Naming	naming
9001	Mídia Impressa	midia-impressa
9002	Lojas Virtuais & E-commerces	lojas-virtuais-e-commerces
9003	Intranets	intranets
9004	Identidade Visual	identidade-visual
8971	Criação de Marcas e Logotipos	criacao-de-marcas-logotipos
9006	Design Digital	design-digital
9005	Design Gráfico	design-grafico
3935	Termos de Uso	termos-de-uso
3925	Política de Privacidade	politica-de-privacidade
3913	Política de Cookies	politica-de-cookies
8878	Orçamentos	orcamentos
1848	Desenvolvimento de Sites	desenvolvimento-de-sites-lojas-virtuais
1846	Soluções	servicos
1814	Home	home
35	Portfólio	portfolio
25	Notícias	noticias
13	Atendimento	fale-conosco
1566	A Empresa	a-empresa
